indicator_harmonized,indic_ids,ipbes_extracted
ability of ecosystems to absorb and buffer hazards,IPBES_GA_2.3_42_143_309,1
abnormal occurrences in the territory,IPBES_SUA_2_95_77_24,1
above-ground biomass,IPBES_GA_2.2_37_70_157;IPBES_GA_2.2_39_76_211,1
above-ground biomass in forests,IPBES_GA_2.3_39_137_270,1
absence of conflict as indicator of political stability,IPBES_GA_2_24_29_97,1
abundance and location of habitat,IPBES_SUA_4_78_130_60,1
abundance of food species,IPBES_SUA_2_96_79_25,1
abundance of managed and wild pollinators,IPBES_GA_2.3_42_143_293,1
abundance of preferred harvest species,IPBES_SUA_2_97_80_42,1
access to improved sanitation facilities,IPBES_GA_2_109_44_115,1
access to land,IPBES_SUA_4_149_137_66,1
accessibility of resources,IPBES_SUA_2_95_77_21,1
adaptive capacity index (aci),IPBES_GA_4_129_208_373,1
adverse changes in woody or shrubby vegetation,IPBES_GA_2.2_81_123_247,1
adverse changes of unpalatable species,IPBES_GA_2.2_81_123_248,1
agriculture-based materials produced (tons),IPBES_GA_2.3_42_143_330,1
air pollution,IPBES_GA_2_83_42_113,1
air quality,IPBES_GA_3_123_420_495,1
alien species,IPBES_GA_2_118_47_123,1
alien species occurrence,IPBES_IAS_6_114_165_76,1
alien species richness,IPBES_GA_2_83_42_114;IPBES_IAS_3_8_84_23,1
animal behavior,IPBES_GA_2.3_40_140_276,1
annual rate of net forest loss,IPBES_GA_3_27_356_438;IPBES_GA_3_27_356_439,1
appearance of new grass in grazing areas,IPBES_VA_3_6_54_43,1
arctic species trend index,IPBES_GA_3_169_443_503,1
"area and percent of forests managed primarily to protect the range of cultural, social and spiritual needs and values",IPBES_SUA_2_92_69_12,1
area and percent of forests used for subsistence purposes,IPBES_SUA_2_92_69_14,1
area of agricultural land under conservation,IPBES_GA_1_52_19_62;IPBES_GA_3_15_329_431,1
area of agricultural land under organic production,IPBES_GA_3_15_329_430,1
area of floodplain wetlands,IPBES_GA_2.3_39_137_267,1
area of forest under sustainable management,IPBES_GA_3_72_395_477,1
area of natural and traditional landscapes and seascapes,IPBES_GA_2.3_42_143_343,1
arrival of new native and alien species,IPBES_GA_2.2_6_56_142,1
associated species,IPBES_SUA_2_96_79_28,1
average conservation status,IPBES_GA_4_158_230_382,1
average number of years of schooling,IPBES_GA_2_25_31_102,1
avoided costs from air pollution,IPBES_GA_2.3_42_143_300,1
avoided morbidity and premature mortality from air pollution,IPBES_GA_2.3_42_143_299,1
avoided water treatment costs,IPBES_GA_2.3_42_143_288,1
bare area,IPBES_GA_2.3_39_137_265,1
behavior of animals with importance as food,IPBES_GA_2.3_22_127_257,1
benefits derived from healthy ecosystems and costs caused by its depletion,IPBES_VA_2_38_28_21,1
better life index,IPBES_GA_1_52_19_72,1
biochemical oxygen demand (bod),IPBES_GA_3_74_399_484,1
biodiversity barometer (percentage of respondents giving correct definition of biodiversity),IPBES_GA_3_15_329_407,1
biodiversity barometer (percentage of respondents that have heard of biodiversity),IPBES_GA_3_15_329_406,1
biodiversity habitat index,IPBES_GA_1_52_19_12;IPBES_GA_2.2_37_70_158;IPBES_GA_2.2_39_75_209;IPBES_GA_2.2_52_95_229,1
biodiversity in poverty reduction strategies,IPBES_VA_4_28_109_64,1
biodiversity intactness index,IPBES_GA_1_52_19_29;IPBES_GA_2_117_46_117;IPBES_GA_2.2_45_87_219;IPBES_GA_2.2_46_88_220;IPBES_GA_2.3_42_143_291;IPBES_GA_5_10_235_384;IPBES_VA_3_26_59_44,1
biodiversity intactness index (tropical forest),IPBES_GA_2.2_37_70_186,1
"biodiversity intactness index (tropical forest, hotspots)",IPBES_GA_2.2_37_70_187,1
"biodiversity intactness index (tropical forest, indigenous lands)",IPBES_GA_2.2_37_70_185,1
biological pump efficiency,IPBES_GA_2.2_37_70_182,1
biomass abundance,IPBES_GA_4_34_176_363,1
biomass of prey fish,IPBES_GA_2.2_1_50_124,1
biomass turnover rate,IPBES_GA_2.2_37_70_175,1
biophysical inventories of biodiversity and ecosystem services,IPBES_VA_4_28_109_65,1
biotic productivity,IPBES_GA_2.3_56_155_357,1
biotime species richness indicator,IPBES_GA_2.2_45_85_217,1
biotime-local species richness,IPBES_GA_1_52_19_56,1
bird species per grid cell,IPBES_GA_2.2_37_70_190,1
blue water sustainability index,IPBES_GA_3_76_401_488,1
body condition,IPBES_SUA_2_97_80_35;IPBES_SUA_4_89_132_61,1
body fat,IPBES_SUA_4_78_130_58,1
c pool,IPBES_GA_4_34_176_371,1
caloric intake,IPBES_GA_2_22_28_84;IPBES_GA_2_24_29_89,1
carbon sequestration,IPBES_GA_2.3_56_155_355,1
catch per unit effort,IPBES_GA_2.3_40_140_278;IPBES_SUA_2_96_79_26;IPBES_SUA_2_97_80_43;IPBES_SUA_6_115_207_73,1
changes in crop phenology,IPBES_GA_2.3_22_127_258,1
changing range of wild species,IPBES_GA_2.2_6_56_143,1
child mortality,IPBES_GA_2_22_28_83,1
cites parties that have implemented relevant resolutions and decisions,IPBES_SUA_4_68_125_54,1
city biodiversity index,IPBES_GA_3_115_417_493,1
climate risk index,IPBES_VA_6_64_156_83,1
climatic impact index,IPBES_GA_3_35_362_442,1
climatic impact index for birds,IPBES_GA_3_72_395_480,1
co2 emissions,IPBES_GA_3_123_420_494,1
coastal carbon-rich habitat,IPBES_GA_2.2_37_70_171,1
coastal protection habitats,IPBES_GA_2.2_37_70_166,1
commercial trade in wild-collected specimens,IPBES_SUA_4_71_127_56,1
commodity index,IPBES_GA_6_137_288_401,1
companies with policies for biodiversity-friendly practices,IPBES_VA_4_28_109_66,1
comparison of the number of available first records of established alien species for a region with the total number of species recorded for the same region,IPBES_IAS_2_14_17_13,1
concentration of hydrogen ions (h+),IPBES_IAS_4_8_100_29,1
condition and size of wild animals,IPBES_GA_2.2_65_113_239,1
connection to land,IPBES_GA_2.3_36_133_262,1
connection to sea,IPBES_GA_2.3_36_133_263,1
correlation between high cultural diversity and areas of high biodiversity,IPBES_GA_2.3_71_160_359,1
corruption perception index,IPBES_VA_3_27_60_48,1
costs associated with maintaining ncps of past or future projects,IPBES_VA_3_76_86_60,1
costs associated with protecting nature and biodiversity,IPBES_VA_3_76_86_59,1
coverage by protected areas of important sites for mountain biodiversity,IPBES_GA_3_72_395_479,1
coverage of fisheries with management measures to reduce bycatch and discards,IPBES_GA_1_52_19_53,1
crops and their dietary roles,IPBES_GA_2.3_22_127_255,1
cultivated area,IPBES_GA_2.3_39_137_269,1
cultural continuity,IPBES_SUA_2_95_77_23,1
culturally salient species,IPBES_GA_2.2_5_55_131;IPBES_GA_2.2_65_113_233,1
cumulative human impacts on marine ecosystems,IPBES_GA_4_155_228_381,1
cumulative introduced invasive aliens,IPBES_GA_2.2_37_70_188;IPBES_GA_2.2_37_70_189,1
current distribution of species,IPBES_IAS_2_155_79_18,1
cyclical patterns of abundance,IPBES_SUA_2_96_79_29,1
"daily exposure natural terrestrial, coastal and marine areas",IPBES_GA_2.3_42_143_347,1
demand for greener products and services,IPBES_GA_3_26_355_436,1
density of preferred and palatable species,IPBES_GA_2.3_40_140_281,1
development of crop varieties or landraces,IPBES_GA_2.3_22_127_259,1
discontinued traditional land-management practices,IPBES_GA_2.2_6_56_139,1
distance travelled to harvest resources,IPBES_GA_2.2_5_55_130;IPBES_GA_2.2_65_113_234;IPBES_GA_2.3_40_140_279,1
diversity of competent hosts of vector-borne diseases,IPBES_GA_2.3_42_143_315,1
diversity of life from which to learn,IPBES_GA_2.3_42_143_342,1
domestic material consumption,IPBES_GA_2_24_29_92,1
droughts,IPBES_GA_2.2_6_56_140,1
ecolabel index,IPBES_SUA_2_93_72_16,1
ecological footprint,IPBES_GA_1_52_19_6;IPBES_GA_5_73_254_392;IPBES_GA_3_15_329_415;IPBES_GA_3_26_355_434;IPBES_VA_2_38_29_29,1
economic value of bio-inspired production,IPBES_GA_2.3_42_143_341,1
employment in materials production,IPBES_GA_2.3_42_143_331,1
encounter rates with supernatural forest dwelling entities,IPBES_GA_2.3_41_142_283,1
endemic species richness,IPBES_VA_2_10_12_6,1
endemism richness,IPBES_GA_2.2_21_61_148,1
energy content of bioenergy crops,IPBES_GA_2.3_42_143_319,1
energy security from bio-energy and fuelwood,IPBES_GA_2.3_42_143_323,1
environmental awareness,IPBES_VA_2_10_12_8,1
environmental change,IPBES_SUA_2_97_80_38,1
environmental component of the social sustainability index,IPBES_GA_2_25_34_106,1
environmental performance index,IPBES_GA_2_25_34_105;IPBES_GA_5_104_261_395;IPBES_GA_5_107_262_396,1
estimated fisheries catch and fishing effort,IPBES_GA_1_52_19_16,1
ethnographic accounts,IPBES_VA_2_38_28_19,1
evapotranspiration,IPBES_GA_2.2_37_70_181,1
evolutionary diversity,IPBES_IAS_3_84_95_25,1
existence and uptake of multilateral agreements and national legislation relevant to the prevention and control of invasive alien species,IPBES_IAS_6_14_142_51,1
expansion of settlements,IPBES_GA_2.2_6_56_138,1
extent of agricultural land,IPBES_GA_2.3_42_143_318,1
extent of ecosystems that filter or add constituent components to water,IPBES_GA_2.3_42_143_286,1
extent of forests,IPBES_GA_2.2_1_50_126;IPBES_GA_2.2_37_70_163;IPBES_GA_2.2_40_78_213;IPBES_GA_2.3_42_143_321,1
extent of intact forest landscapes,IPBES_GA_2.2_37_70_170,1
extent of marine calcification benefits from coral reefs,IPBES_GA_2.3_42_143_307,1
extent of marine wilderness,IPBES_GA_2.2_37_70_152,1
extent of protected and intact habitat globally,IPBES_GA_2.3_59_157_358,1
extent of suitable habitat,IPBES_GA_2.2_37_70_162;IPBES_GA_2.2_37_70_199;IPBES_GA_2.3_42_143_290;IPBES_GA_3_15_329_421,1
extent of suitable habitat index (esh),IPBES_GA_5_34_243_386,1
extent of terrestrial wilderness,IPBES_GA_2.2_37_70_169,1
extent of which essential policy and management approaches have been adopted,IPBES_IAS_6_56_150_67,1
"extent to which (i) global citizenship education and (ii) education for sustainable development, including gender equality and human rights, are mainstreamed at all levels in: (a) national education policies, (b) curricula, (c) teacher education and (d) student assessments",IPBES_VA_6_52_152_80,1
extinction risk,IPBES_GA_2.2_1_50_128,1
extinction risk of wild relatives of domesticated or farmed birds and mammals,IPBES_GA_3_44_371_448,1
extraction of living biomass,IPBES_GA_2_83_42_110,1
extraction of non-human materials,IPBES_GA_2_118_47_121,1
extraction of non-living materials,IPBES_GA_2_83_42_111,1
farmland bird index,IPBES_SUA_4_51_116_47,1
fertilizer use,IPBES_GA_2_83_42_108,1
fewer lives lost,IPBES_VA_2_76_48_39,1
fisheries exploitation rates,IPBES_GA_3_164_441_502,1
fisheries stock size,IPBES_GA_3_164_441_501,1
floods,IPBES_GA_2.2_6_56_144,1
food produced (kcal),IPBES_GA_2.3_42_143_324,1
food quality (nutrients),IPBES_GA_2.3_42_143_325,1
forest and its role in protecting water sources,IPBES_GA_2.3_22_127_256,1
forest area as a percentage of total land area,IPBES_GA_1_52_19_14,1
forest-specialist bird species per grid cell,IPBES_GA_2.2_37_70_192,1
forests and grazing lands loss,IPBES_GA_2.2_5_55_134,1
fraction of ocean not fished per year,IPBES_GA_2.2_37_70_151,1
functional diversity,IPBES_IAS_5_109_131_39,1
functional intactness (madingley),IPBES_GA_2.2_37_70_193;IPBES_GA_2.2_47_90_223,1
funding for environmental education,IPBES_GA_3_15_329_408,1
funding for environmental impact assessments,IPBES_GA_3_15_329_410,1
funding towards institutional capacity building in fisheries,IPBES_GA_3_15_329_413,1
gene bank accession and available genetic resources,IPBES_GA_2.3_42_143_338,1
genetic diversity,IPBES_VA_2_10_12_5;IPBES_VA_2_38_28_13,1
genuine progress indicator,IPBES_GA_6_139_289_403;IPBES_VA_2_8_10_3;IPBES_VA_2_38_29_25;IPBES_VA_5_78_136_73;IPBES_VA_6_21_143_78;IPBES_IAS_6_85_153_70,1
geographical overlay of linguistic diversity and biodiversity,IPBES_GA_2.3_39_137_272,1
gini index,IPBES_GA_5_80_256_393,1
glacier mass balance,IPBES_GA_3_51_381_460,1
global climate risk index,IPBES_GA_1_52_19_46,1
global cover of mangroves,IPBES_GA_2.2_91_124_249,1
global ecosystem restoration index,IPBES_GA_1_52_19_76,1
global effort in bottom-trawling,IPBES_GA_1_52_19_48;IPBES_GA_4_152_225_378;IPBES_GA_3_15_329_426,1
global funding for resourcing of biological invasions policy and management implementation,IPBES_IAS_6_17_143_54,1
global index on indigenous peoples' well-being,IPBES_VA_3_63_79_54,1
global linguistic diversity index and language threat level,IPBES_GA_1_52_19_78,1
global mammal and bird species remaining,IPBES_GA_2.2_37_70_194,1
global scale ecosystem carbon storage,IPBES_GA_4_87_186_372,1
globalization index,IPBES_GA_2_24_29_91,1
governance index,IPBES_SUA_6_77_200_72,1
green consumption,IPBES_GA_3_26_355_437,1
green gross domestic product,IPBES_VA_6_22_145_79,1
greenhouse gas emissions,IPBES_GA_2_83_42_112,1
gross domestic product,IPBES_GA_1_19_6_1;IPBES_GA_2_20_26_82;IPBES_GA_2_24_29_90;IPBES_GA_6_139_289_404;IPBES_SUA_1_11_4_2;IPBES_SUA_4_149_137_65;IPBES_VA_2_10_12_7;IPBES_VA_2_38_29_23;IPBES_VA_5_78_136_71;IPBES_VA_6_61_155_81;IPBES_IAS_2_5_11_4;IPBES_IAS_3_8_84_19;IPBES_IAS_3_34_90_24;IPBES_IAS_6_85_153_68,1
gross ecosystem product,IPBES_VA_4_89_124_70,1
gross national happiness index,IPBES_GA_1_19_6_4;IPBES_GA_5_69_253_391;IPBES_GA_6_140_290_405;IPBES_SUA_1_12_5_5;IPBES_VA_2_29_20_11;IPBES_IAS_6_85_153_72,1
gross national happiness index of bhutan,IPBES_VA_6_21_143_77,1
gross national product,IPBES_IAS_6_85_153_69,1
growth in human appropriation of net primary productivity,IPBES_GA_3_26_355_433,1
growth in information relevant to informing policy on invasive alien species prevention and control,IPBES_IAS_6_11_138_49;IPBES_IAS_6_119_174_87,1
habitat area and quality,IPBES_GA_4_34_176_367,1
habitat conditions,IPBES_SUA_4_89_132_63,1
habitat quality,IPBES_SUA_2_95_77_18,1
hallow coral reefs,IPBES_GA_2.2_91_124_250,1
happiness,IPBES_VA_3_41_70_50,1
happy planet index,IPBES_GA_5_69_253_390;IPBES_GA_5_108_263_397,1
harvest intensity,IPBES_SUA_2_95_77_19,1
health associated with intake of pollinator dependent foods,IPBES_GA_2.3_42_143_294,1
health condition and body size of wild animals decrease,IPBES_GA_2.2_5_55_136,1
health of the forest,IPBES_GA_2.3_41_142_282,1
health of the soil,IPBES_GA_2.3_40_140_280,1
historic land use change since 1970,IPBES_GA_2.3_53_152_353,1
holistic health model,IPBES_VA_3_63_79_55,1
human appropriation of fresh water,IPBES_GA_3_15_329_418,1
human appropriation of net primary productivity,IPBES_GA_1_52_19_44;IPBES_VA_2_38_29_30,1
human development index (hdi),IPBES_GA_1_19_6_2;IPBES_GA_1_31_9_5;IPBES_GA_2_24_29_88;IPBES_GA_2_22_30_99;IPBES_GA_5_68_252_389;IPBES_GA_3_77_402_489;IPBES_GA_3_97_413_490;IPBES_SUA_1_12_5_3;IPBES_VA_5_78_136_72;IPBES_IAS_2_18_24_16,1
human footprint,IPBES_GA_2.2_62_105_231,1
human population density,IPBES_IAS_3_8_84_20,1
human population size,IPBES_IAS_2_5_11_3,1
hunting success,IPBES_SUA_2_97_80_39,1
ideas and products mimicking or inspired by nature,IPBES_GA_2.3_42_143_340,1
identity value - rural and iplc,IPBES_GA_2.3_42_143_350,1
identity value - urban,IPBES_GA_2.3_42_143_349,1
impact of agricultural habitat conversion on birds,IPBES_SUA_4_42_113_45,1
"impact of alien species on sensitive places, species and functions",IPBES_IAS_6_97_160_74,1
importance of forests to people,IPBES_SUA_2_92_69_11,1
improved health from natural medicines or bio-derived medicines,IPBES_GA_2.3_42_143_336,1
improvement in conseration status of species threatened by invasive alien species,IPBES_IAS_6_119_174_89,1
inclusion of historically disadvantaged stakeholders,IPBES_VA_2_10_12_9,1
inclusive wealth,IPBES_GA_1_19_6_3;IPBES_SUA_1_12_5_4;IPBES_VA_2_7_9_1;IPBES_VA_2_39_33_33;IPBES_VA_3_114_99_62;IPBES_VA_5_78_136_76,1
income,IPBES_GA_2_25_31_100;IPBES_SUA_4_149_137_64,1
"increased awareness, care, mental health, cultural security, life satisfaction - rural and iplc",IPBES_GA_2.3_42_143_346,1
"increased awareness, care, mental health, cultural security, life satisfaction - urban",IPBES_GA_2.3_42_143_345,1
increasingly unpredictable annual distribution of rainfall,IPBES_GA_2.2_6_56_141,1
index of sustainable economic welfare (isew),IPBES_GA_6_139_289_402;IPBES_VA_2_38_29_24;IPBES_VA_2_39_33_31;IPBES_IAS_6_85_153_71,1
individual deprivation measure,IPBES_GA_3_97_413_492,1
"information provided through the financial reporting framework, adopted by decision xii/3",IPBES_GA_1_52_19_81,1
inland fishery production,IPBES_GA_1_52_19_18;IPBES_GA_1_52_19_33,1
intensity of weather,IPBES_SUA_2_97_80_33,1
international migrant stock,IPBES_GA_2_24_29_96,1
interventions to limit spread and reduce impact of alien species,IPBES_IAS_6_97_160_75,1
invasive alien species are given new names by indigenous peoples and local communities,IPBES_IAS_1_53_8_1,1
invasive alien species impact,IPBES_IAS_6_114_165_78,1
land and ocean carbon sinks,IPBES_GA_2.3_42_143_304,1
land not cultivated or urban,IPBES_GA_2.2_37_70_161,1
land not cultivated or urban (hotspots),IPBES_GA_2.2_37_70_160,1
land not cultivated or urban (indigenous lands),IPBES_GA_2.2_37_70_159,1
land under cereal production (ha),IPBES_GA_1_52_19_75,1
land use change,IPBES_GA_2_83_42_109,1
leaf area index (lai),IPBES_GA_2.2_37_70_153;IPBES_GA_2.2_40_79_214,1
leaf surface area,IPBES_GA_2.3_56_155_354,1
"less biomass, more annuals and shrubs on pastures",IPBES_GA_2.2_65_113_237,1
life expectancy,IPBES_GA_2_25_31_101,1
life satisfaction,IPBES_VA_3_41_70_49,1
linguistic diversity index,IPBES_GA_2_41_36_107,1
live coral cover,IPBES_GA_2.2_37_70_167;IPBES_GA_2.2_38_74_207;IPBES_GA_2.2_91_124_251,1
livelihood dependence,IPBES_VA_3_2_52_40,1
living conditions in the arctic,IPBES_VA_3_63_79_56,1
living planet index,IPBES_GA_1_52_19_38;IPBES_GA_4_144_217_375;IPBES_GA_5_10_235_383;IPBES_GA_5_34_243_387;IPBES_GA_3_41_369_446;IPBES_SUA_4_256_160_71,1
local species richness,IPBES_GA_2.2_37_70_183;IPBES_GA_2.2_70_120_243;IPBES_IAS_4_22_102_32,1
local species richness (predicts),IPBES_GA_2.2_45_85_218,1
loss of lichen diversity,IPBES_SUA_4_47_115_46,1
macroinvertebrate-based indices,IPBES_IAS_5_130_134_41,1
mammalian range size,IPBES_GA_2.2_37_70_196,1
mangrove forest area,IPBES_GA_2.2_37_70_164;IPBES_GA_2.2_38_74_206;IPBES_GA_2.2_70_120_245;IPBES_VA_2_76_48_36,1
marine net primary production,IPBES_GA_2.2_37_70_178,1
marine stewardship council certified catch,IPBES_SUA_2_90_65_9,1
marine stewardship council certified fisheries,IPBES_GA_4_152_225_379;IPBES_GA_3_15_329_425,1
marine stewardship council engaged fisheries,IPBES_GA_3_72_395_470,1
marine stocks,IPBES_GA_2.3_42_143_327,1
marine trophic index (mti),IPBES_GA_1_52_19_19;IPBES_GA_2.2_59_101_230;IPBES_GA_3_15_329_427;IPBES_GA_3_55_389_465,1
material ncp,IPBES_GA_2.2_42_82_216,1
material wealth,IPBES_SUA_4_149_140_68,1
mean annual change in above-ground biomass,IPBES_GA_2.2_37_70_174,1
mean annual precipitation,IPBES_IAS_3_8_84_21,1
mean annual temperature,IPBES_IAS_3_8_84_22,1
mean body length,IPBES_IAS_4_22_102_33,1
mean body mass,IPBES_SUA_2_97_80_41,1
mean length of fish,IPBES_GA_1_52_19_55;IPBES_GA_2.2_70_120_242,1
mean polar sea ice extent,IPBES_GA_3_51_381_456,1
mean species abundance (msa),IPBES_GA_1_52_19_69;IPBES_GA_2.2_37_70_184;IPBES_GA_2.2_46_88_221;IPBES_GA_5_34_243_385,1
medicinal species as a fraction of total vascular plant species,IPBES_GA_2.3_39_137_271,1
megafaunal range size,IPBES_GA_2.2_37_70_197,1
merchandise exports,IPBES_GA_2_24_29_93,1
mibid index,IPBES_GA_6_122_285_400,1
migratory birds threatened or near threatened on the red list index,IPBES_GA_3_150_436_499,1
mortality rate under 5,IPBES_GA_2_24_29_87,1
multidimensional poverty index,IPBES_GA_3_97_413_491;IPBES_SUA_4_149_138_67,1
national accounts reflecting state of biodiversity and ecosystem services,IPBES_VA_4_28_109_67,1
national funding for resourcing of biological invasions policy and management implementation,IPBES_IAS_6_17_143_53,1
native newcomer species arrive,IPBES_GA_2.2_5_55_132;IPBES_GA_2.2_65_113_235,1
natural habitat in agriculture,IPBES_GA_2.3_42_143_295,1
natural medicinal products and manufactured bio-derived medicines,IPBES_GA_2.3_42_143_335,1
nature risk index,IPBES_VA_6_64_156_82,1
net primary production,IPBES_GA_2.2_37_70_180;IPBES_GA_2.2_70_120_244,1
net primary productivity in forests and on cultivated land,IPBES_GA_2.3_39_137_268,1
new pests and invasive alien species colonize,IPBES_GA_2.2_5_55_133,1
nitrogen (n) loads,IPBES_GA_3_74_399_485,1
nitrogen + phosphate fertilizers (n+p205 total nutrients),IPBES_GA_1_52_19_22,1
nitrogen use balance,IPBES_GA_1_52_19_61,1
nitrogen use efficiency,IPBES_GA_1_52_19_21,1
non declining exploited species,IPBES_GA_1_52_19_59,1
number and coverage of stocks with adaptive management systems/plans,IPBES_GA_1_52_19_49,1
number of alien and invasive taxa per biogeographic region,IPBES_IAS_6_21_146_58,1
number of alien taxa,IPBES_IAS_6_56_150_64,1
number of appendix-ii species for which trade is determined to be non-detrimental to the survival of the species as a result of implementing recommendations from the review of significant trade,IPBES_SUA_4_66_123_51,1
number of biogeographic regions with risk-associated activities,IPBES_IAS_6_21_146_55,1
number of cites parties that have adopted standard procedures for non-detrimental findings,IPBES_SUA_4_65_122_49,1
number of cites parties with increased capacity,IPBES_SUA_4_68_125_53,1
"number of countries implementing natural resource accounts, excluding energy, within the system of environmental economic accounting",IPBES_VA_4_28_108_63,1
number of countries implementing nbsaps,IPBES_GA_3_48_377_451,1
number of countries implementing the system of environmental economic accounting,IPBES_VA_4_73_122_68,1
"number of countries that have adopted legislative, administrative and policy frameworks to ensure fair and equitable sharing of benefits",IPBES_GA_1_52_19_77,1
"number of countries that have integrated biodiversity values into national accounting and reporting systems, defined as implementation of the system of environmental-economic accounting (seea)",IPBES_VA_4_73_122_69,1
number of countries that have ratified the nagoya protocol,IPBES_GA_3_175_446_504,1
number of countries with developed or revised nbsaps,IPBES_GA_1_52_19_35,1
"number of countries with national instruments on biodiversity relevant taxes, charges and fees",IPBES_GA_1_52_19_39,1
number of countries with national instruments on biodiversity relevant tradable permit schemes,IPBES_GA_1_52_19_43,1
number of countries with national instruments on redd plus schemes,IPBES_GA_1_52_19_40,1
number of countries with policies to secure that [fish] mortalities are accounted for and kept within safe biological limits,IPBES_SUA_2_90_65_7,1
number of countries with regulations requiring recovered of depleted species,IPBES_SUA_2_90_65_8,1
number of extintions,IPBES_GA_3_40_367_444,1
number of invasive alien species introduction events,IPBES_GA_3_72_395_481,1
number of people migrating,IPBES_IAS_2_5_11_9,1
number of photos taken by the public in an advert to indicate aesthetic values,IPBES_VA_3_48_73_51,1
number of protected area management effectiveness (pame) assessments,IPBES_GA_3_72_395_475;IPBES_VA_3_27_60_47,1
number of publications,IPBES_SUA_4_2_109_44,1
number of rare or threatened species,IPBES_VA_2_38_28_14,1
number of research studies involving economic valuation,IPBES_GA_3_15_329_411,1
number of species at risk of extinction,IPBES_IAS_4_22_102_31,1
number of species extinctions,IPBES_GA_1_52_19_70;IPBES_IAS_4_22_102_30,1
number of studies on ias available per region,IPBES_IAS_2_13_15_11,1
number of surveys of cites listed species undertaken by exporting states to support non-detrimental findings,IPBES_SUA_4_65_122_50,1
number of tourists,IPBES_IAS_2_5_11_5,1
"number of tourists, scientists and facilities per biogeographic region",IPBES_IAS_6_21_146_57,1
number of widespread phyla for which no information was available for a particular region,IPBES_IAS_2_13_16_12,1
number of wildlife pictures posted on a photo-sharing website,IPBES_VA_3_48_73_53,1
number of world natural heritage sites per country per year,IPBES_GA_1_52_19_60,1
numbers of scientific publications on biodiversity,IPBES_GA_3_49_379_452,1
ocean health index,IPBES_GA_2.2_38_74_208;IPBES_GA_4_155_228_380;IPBES_GA_6_86_279_398,1
oceanic carbon sequestration,IPBES_GA_2.2_37_70_176,1
oecd better life index,IPBES_GA_4_131_209_374,1
official development assistance provided in support of the cbd objectives,IPBES_GA_3_51_381_457,1
online interest in biodiversity (proportion of google searches),IPBES_GA_3_15_329_409,1
opening up of forest canopy,IPBES_GA_2.2_65_113_236,1
organisms` size or growth,IPBES_GA_4_34_176_368,1
overall species abundance,IPBES_GA_1_52_19_58,1
overexploitation of resources by outsiders and locals,IPBES_GA_2.2_6_56_145,1
passenger and freight volumes by mode of transport,IPBES_GA_3_128_421_498,1
peoples’ preferences or spending on safeguarding biodiversity and ecosystem services,IPBES_VA_3_2_52_42,1
per capita consumption,IPBES_GA_2_22_28_85,1
percentage of abroad land use footprint,IPBES_GA_2_118_47_119,1
percentage of agricultural and urban areas,IPBES_GA_2_118_47_120,1
percentage of countries that are category 1 cites parties,IPBES_GA_1_52_19_8;IPBES_GA_3_15_329_414,1
percentage of countries with invasive alien species legislation,IPBES_GA_3_72_395_482,1
percentage of freshwater key biodiversity areas covered by protected areas,IPBES_GA_3_72_395_468,1
percentage of live coral cover,IPBES_GA_2.2_70_120_246;IPBES_GA_3_34_361_441,1
percentage of marine key biodiversity areas covered by protected areas,IPBES_GA_3_72_395_472,1
percentage of population living in dense urban areas,IPBES_GA_2.3_50_149_352,1
percentage of population using safely managed drinking water services,IPBES_GA_1_52_19_73,1
percentage of terrestrial ecoregions covered by protected areas,IPBES_GA_3_72_395_473;IPBES_GA_3_72_395_474,1
percentage of undernourished people,IPBES_GA_1_52_19_34,1
permanent surface water extent,IPBES_GA_2.2_37_70_156,1
"pest, invasive or harmful species",IPBES_GA_4_34_176_370,1
pesticide use,IPBES_GA_3_51_381_459;IPBES_GA_3_54_387_463,1
phenology of economically and/or culturally important wild plant and animal species,IPBES_GA_2.3_40_140_277,1
phosphorus (p) loads,IPBES_GA_3_74_399_486,1
photo series analysis using social media,IPBES_VA_3_48_73_52,1
photo-rankings,IPBES_VA_2_38_28_17,1
phylogenetic distance,IPBES_IAS_3_84_95_27,1
phylogenetic diversity,IPBES_GA_2.3_42_143_337,1
planetary pressures adjusted human development index (hdi),IPBES_VA_2_38_29_27,1
policies make adequate provisions to minimize impacts of fisheries on threatened species,IPBES_GA_1_52_19_52,1
policies to secure that mortalities and significant indirect adverse impacts on non-target species are accounted for are in place,IPBES_GA_1_52_19_51,1
pollen deposition,IPBES_GA_2.3_42_143_296,1
pollinator diversity,IPBES_GA_2.3_2_125_253;IPBES_GA_2.3_42_143_292,1
population extinctions,IPBES_GA_2.3_75_161_360,1
population size,IPBES_GA_2.3_40_140_274;IPBES_SUA_2_97_80_36,1
predatory fish biomass,IPBES_GA_2.2_37_70_204,1
presence of regulations requiring recovery of depleted species,IPBES_GA_1_52_19_50,1
prevalence of certain species,IPBES_SUA_2_97_80_31,1
prevalence of knowledge about seasonal cycles in their communities,IPBES_SUA_2_97_80_40,1
prevented emissions and uptake of greenhouse gases by ecosystems,IPBES_GA_2.3_42_143_301,1
prey fish biomass,IPBES_GA_2.2_37_70_201,1
production,IPBES_GA_4_34_176_364,1
production of fuelwood,IPBES_GA_2.3_42_143_322,1
proportion of agricultural area under productive and sustainable agriculture,IPBES_GA_1_52_19_63,1
proportion of area of forest production under fsc and pefc certification,IPBES_GA_1_52_19_20,1
proportion of countries adopting relevant national legislation and adequately resourcing the prevention or control of invasive alien species,IPBES_IAS_5_120_132_40,1
proportion of countries that are category 1 signatories to the convention on international trade in endangered species of wild fauna and flora (cites),IPBES_GA_3_26_354_432,1
proportion of cropland,IPBES_IAS_2_5_11_6,1
proportion of domesticated breeds categorized as at risk or extinct,IPBES_GA_3_44_371_447,1
proportion of fish stocks within biologically sustainable levels,IPBES_GA_1_52_19_17;IPBES_GA_2.2_37_70_202;IPBES_GA_2.2_70_120_241;IPBES_GA_4_152_225_377;IPBES_GA_3_15_329_424;IPBES_GA_3_72_395_469,1
proportion of known species assessed through the red list index,IPBES_GA_1_52_19_36;IPBES_GA_3_49_379_454,1
proportion of local breeds classified as being at risk of extinction,IPBES_GA_1_52_19_32,1
proportion of population exposed to air pollution,IPBES_VA_2_38_28_16,1
proportion of predatory fish,IPBES_GA_1_52_19_54,1
proportion of sites in the world database on protected areas reporting shared governance,IPBES_GA_3_38_364_443,1
proportion of the rural population who live within 2 km of an all-season road,IPBES_GA_3_128_421_497,1
proportion of unpalatable plants on rangelands,IPBES_GA_2.2_65_113_238,1
proportion of urban area,IPBES_IAS_2_5_11_7,1
proportion of urban population,IPBES_GA_2_24_29_95,1
prospective inclusion of other native taxa and threatened habitats,IPBES_IAS_6_21_146_60,1
protected area connectedness (parc-connectedness) index,IPBES_GA_1_52_19_27,1
protected area coverage,IPBES_GA_1_52_19_28,1
protected area coverage of key biodiversity areas,IPBES_GA_1_52_19_10;IPBES_GA_3_55_389_466;IPBES_GA_3_72_395_476,1
protected area coverage of marine and coastal areas,IPBES_GA_3_72_395_471,1
"protected area coverage of terrestrial, marine and freshwater ecoregions",IPBES_GA_1_52_19_66,1
protected area management effectiveness (pame),IPBES_GA_1_52_19_26,1
protected area representativeness index,IPBES_GA_1_52_19_67,1
protection of key biodiversity areas,IPBES_GA_2_24_29_98,1
proximity of people and nature,IPBES_GA_2.3_42_143_339,1
quality and abundance of food and medicine species,IPBES_SUA_2_95_77_17;IPBES_SUA_2_96_79_30,1
quality of governance index,IPBES_SUA_4_61_118_48,1
ramsar sites,IPBES_GA_1_52_19_71,1
range contractions,IPBES_GA_2.3_75_161_361,1
range-size rarity,IPBES_GA_2.2_21_61_147,1
rate of invasive alien species establishment,IPBES_IAS_6_119_173_79,1
rate of land use change,IPBES_GA_2.3_39_137_273,1
rate of species accumulation,IPBES_IAS_2_15_20_15,1
rate of use of pesticides,IPBES_VA_3_26_59_45,1
rate of wood removal,IPBES_VA_3_26_59_46,1
recognition and value of forest-management knowledge and skills of local people,IPBES_SUA_2_92_69_13,1
red list index,IPBES_GA_1_52_19_30;IPBES_GA_2.2_37_70_195;IPBES_GA_2.2_51_92_224;IPBES_GA_2.2_70_120_240;IPBES_GA_4_30_175_362;IPBES_GA_3_40_368_445;IPBES_GA_3_45_374_449;IPBES_GA_3_150_436_500;IPBES_SUA_1_1_1_1;IPBES_SUA_1_22_10_6;IPBES_SUA_4_70_126_55;IPBES_SUA_4_71_127_57;IPBES_IAS_2_48_40_17;IPBES_IAS_4_22_102_34;IPBES_IAS_5_52_127_38,1
red list index (birds and mammals),IPBES_GA_3_51_382_461,1
red list index (for utilized species),IPBES_GA_2.2_51_92_227;IPBES_GA_3_15_329_416,1
red list index (forest specialists),IPBES_GA_3_15_329_423,1
red list index (impacts of fisheries),IPBES_GA_3_15_329_428,1
red list index (impacts of invasive alien species),IPBES_GA_3_72_395_483,1
red list index (impacts of pollution),IPBES_GA_3_72_395_467,1
red list index (internationally traded species),IPBES_GA_2.2_51_92_225;IPBES_GA_3_15_329_417,1
red list index (pollinators),IPBES_GA_2.2_51_92_226,1
red list index (vertebrate pollinators),IPBES_GA_3_45_374_450,1
red list index (wild relatives of farmed and domesticated species),IPBES_GA_2.2_51_92_228,1
reduced concentration of pollutants in water,IPBES_GA_2.3_42_143_287,1
reduced concentrations of greenhouse gases in the atmosphere,IPBES_GA_2.3_42_143_302,1
reduced concentrations of pm2.5,IPBES_GA_2.3_42_143_298,1
reduced cost of road construction,IPBES_VA_2_76_48_37,1
reduced cost of road maintenance,IPBES_VA_2_76_48_38,1
reduced food spoilage,IPBES_GA_2.3_42_143_313,1
reduced hunger,IPBES_GA_2.3_42_143_328,1
reduced incidence and severity of hazards,IPBES_GA_2.3_42_143_310,1
reduced incidence of infectious diseases,IPBES_GA_2.3_42_143_317,1
reduced incidence of water borne disease,IPBES_GA_2.3_42_143_289,1
reduced malnutrition,IPBES_GA_2.3_42_143_326,1
reduced morbidity and premature mortality due to natural hazards,IPBES_GA_2.3_42_143_311,1
reduced net farm income loss from pests and diseases,IPBES_GA_2.3_42_143_314,1
reduced ocean acidification,IPBES_GA_2.3_42_143_305,1
reduced property loss due to natural hazards,IPBES_GA_2.3_42_143_312,1
reduced risk of disease transmission,IPBES_GA_2.3_42_143_316,1
reduction in climate related costs,IPBES_GA_2.3_42_143_303,1
relevant research funding,IPBES_GA_3_49_379_453,1
remaining primary vegetation,IPBES_GA_2.2_37_70_168,1
remaining primary vegetation (indigenous lands),IPBES_GA_2.2_37_70_165,1
remnant ecosystems degrade,IPBES_GA_2.2_5_55_135,1
reproduction rate,IPBES_GA_4_34_176_369,1
reproductive success,IPBES_SUA_4_78_130_59;IPBES_SUA_4_89_132_62,1
resilience of forest-dependent communities,IPBES_SUA_2_92_69_15,1
resourcing of invasive alien species prevention and control activities,IPBES_IAS_6_14_142_52,1
retention and prevented emissions of air pollutants by ecosystems,IPBES_GA_2.3_42_143_297,1
revenue from bioenergy production,IPBES_GA_2.3_42_143_320,1
revenue from forestry,IPBES_GA_2.3_42_143_333,1
rule of law index,IPBES_GA_5_104_261_394,1
seafood availability due to ocean acidification,IPBES_GA_2.3_42_143_306,1
seafood produced (kcal),IPBES_GA_2.3_42_143_329,1
seagrass meadow area,IPBES_GA_2.2_37_70_173;IPBES_GA_2.2_38_74_205,1
severe global bleaching events,IPBES_GA_2.2_91_124_252,1
share of main groups of species in fish trade in terms of value,IPBES_SUA_2_90_65_10,1
sharing and trading institutions,IPBES_SUA_2_95_77_20,1
ship calls,IPBES_IAS_2_5_11_8,1
social progress index,IPBES_GA_2_25_34_104,1
social welfare function (swf),IPBES_VA_3_96_97_61,1
soil organic carbon,IPBES_GA_2.2_37_70_150;IPBES_GA_2.3_39_137_266,1
soil quality impact on crop production,IPBES_GA_2.3_42_143_308,1
sounds associated with the forest,IPBES_SUA_2_97_80_32,1
spatial densities of relational values in an area,IPBES_VA_2_38_28_18,1
spatial distribution of species,IPBES_GA_2.3_40_140_275;IPBES_SUA_2_96_79_27,1
species area relationship,IPBES_GA_5_34_243_388,1
species condition index,IPBES_IAS_4_64_104_36,1
species distribution area and shift,IPBES_GA_4_34_176_365,1
species growth rate,IPBES_IAS_4_64_104_35,1
species habitat index,IPBES_GA_1_52_19_13;IPBES_GA_1_52_19_31;IPBES_GA_2.2_37_70_198;IPBES_GA_3_54_387_462,1
species negatively impacting biodiversity,IPBES_IAS_6_56_150_65,1
species occurrence records accessible through the global biodiversity information facility,IPBES_GA_1_52_19_79,1
species protection index,IPBES_GA_1_52_19_25,1
species represented in the barcode of life data system,IPBES_GA_1_52_19_80,1
species richness,IPBES_GA_4_34_176_366;IPBES_IAS_3_84_95_28,1
species richness per grid cell,IPBES_GA_2.2_37_70_191;IPBES_GA_2.2_47_90_222,1
species status index,IPBES_GA_1_52_19_37,1
species used for medicine,IPBES_GA_2.3_22_127_254;IPBES_GA_2.3_42_143_334,1
species with data included in the global biodiversity information facility,IPBES_GA_3_49_379_455,1
spread of alien species by pathway,IPBES_IAS_6_97_160_73,1
stability of land use and land cover,IPBES_GA_2.3_42_143_348,1
status of an individual or species as native or alien,IPBES_IAS_6_114_165_77,1
stock values of natural capital,IPBES_VA_2_38_28_22,1
strength of people’s connection to the forest,IPBES_SUA_2_97_80_34,1
structural and functional connectivity of habitat,IPBES_VA_2_38_28_15,1
sustainability dashboard,IPBES_VA_2_8_10_4,1
sustainable development goals index,IPBES_GA_4_147_220_376;IPBES_VA_2_38_29_26,1
sustainable development index (sdi),IPBES_VA_5_78_136_75,1
sustainable economic welfare (isew),IPBES_VA_5_78_136_74,1
sustainable well-being index (swi),IPBES_VA_2_38_29_28,1
temperature,IPBES_IAS_2_5_11_10,1
temporal species turnover,IPBES_GA_1_52_19_57,1
terrestrial c sequestration,IPBES_GA_2.2_37_70_177,1
terrestrial net primary production,IPBES_GA_2.2_37_70_179;IPBES_GA_2.2_42_82_215;IPBES_GA_2.3_39_137_264,1
terrestrial vegetation biomass,IPBES_GA_2.2_1_50_125,1
themes in a text representing nature´s values,IPBES_VA_2_38_28_20,1
timber production (m3),IPBES_GA_2.3_42_143_332,1
time needed to harvest resources,IPBES_GA_2.2_5_55_129,1
total dissolved solids (tds),IPBES_GA_3_74_399_487,1
total greenhouse gas emissions per year,IPBES_GA_2_118_47_122,1
total imports,IPBES_IAS_2_5_11_2,1
total land footprint,IPBES_GA_2_118_47_118,1
total number of introduced alien species,IPBES_IAS_2_15_20_14,1
total population,IPBES_GA_2_24_29_94,1
total richness of endemic species,IPBES_GA_2.2_21_61_146,1
total wood removals,IPBES_GA_1_52_19_11,1
totem or culturally important species,IPBES_IAS_4_140_116_37,1
trade in wild animals,IPBES_SUA_4_184_143_70,1
trade in wild mammals,IPBES_SUA_4_184_143_69,1
transfer of water to the atmosphere,IPBES_GA_2.3_56_155_356,1
tree biomass,IPBES_IAS_3_84_95_26,1
tree cover,IPBES_GA_2.2_1_50_127;IPBES_GA_2.2_37_70_154;IPBES_GA_2.2_40_77_212;IPBES_GA_3_15_329_420;IPBES_GA_3_55_389_464;IPBES_GA_3_72_395_478,1
trend in carbon intensity,IPBES_GA_1_52_19_45,1
trends in adoption of multinational agreements to reduce invasive alien species threats,IPBES_IAS_6_21_146_61,1
trends in establishment and national adoption of international agreements relevant to the prevention and control of invasive alien species,IPBES_IAS_6_11_138_46;IPBES_IAS_6_119_174_84,1
trends in extinction risk of birds impacted by invasive species,IPBES_IAS_6_21_146_59,1
trends in fisheries certified by the msc,IPBES_GA_1_52_19_15,1
trends in forest extent,IPBES_GA_1_52_19_9,1
trends in invasive alien species eradication at different scales,IPBES_IAS_6_21_146_63,1
trends in invasive alien species relevant submissions to managers,IPBES_IAS_6_21_146_62,1
trends in invasive alien species vertebrate eradications,IPBES_GA_1_52_19_65,1
trends in nitrogen deposition,IPBES_GA_1_52_19_24,1
trends in numbers and spatial distribution of invasive alien species and their impacts,IPBES_IAS_6_119_174_81,1
trends in numbers of countries with national legislation and other policy measures relevant to the prevention and/or control of invasive alien species,IPBES_IAS_6_11_138_47;IPBES_IAS_6_119_174_85,1
trends in numbers of facilities in the region,IPBES_IAS_6_21_146_56,1
trends in numbers of invasive alien species and their impacts,IPBES_IAS_6_11_138_43,1
trends in pathways of introduction and spread,IPBES_IAS_6_11_138_42;IPBES_IAS_6_119_174_80,1
trends in pesticide use,IPBES_GA_1_52_19_23,1
trends in potentially harmful elements of government support to agriculture (produced support estimates),IPBES_GA_1_52_19_41,1
trends in potentially harmful elements of government support to fisheries,IPBES_GA_1_52_19_42,1
trends in species at risk of localized extinction in a protected area,IPBES_IAS_6_56_150_66,1
trends in successful control and eradications of invasive alien species,IPBES_IAS_6_11_138_50,1
trends in successful eradications of invasive alien species,IPBES_IAS_6_119_174_88,1
trends in the allocation of resources towards the prevention or control of invasive alien species,IPBES_IAS_6_11_138_45;IPBES_IAS_6_119_174_83,1
trends in the numbers of invasive alien species introduction events,IPBES_GA_1_52_19_64,1
trends in the prevention and eradication and control of invasive alien species,IPBES_IAS_6_119_174_86,1
trends in the prevention of invasive alien species,IPBES_IAS_6_11_138_48,1
trends of populations of palatable or unpalatable species,IPBES_GA_2.2_63_107_232,1
"trends, mechanisms and severity of invasive alien species impacts",IPBES_IAS_6_11_138_44;IPBES_IAS_6_119_174_82,1
tropical forest-monocrop conversions,IPBES_GA_2.2_6_56_137,1
undp human development dashboard,IPBES_VA_2_8_10_2,1
united nations system of environmental economic accounting,IPBES_VA_2_39_33_32,1
uplisting of species or populations from appendix ii to appendix i,IPBES_SUA_4_66_123_52,1
use of natural resource,IPBES_VA_3_2_52_41,1
value of merchandise being exported,IPBES_GA_2_22_28_86,1
variability in migration patterns,IPBES_SUA_2_97_80_37,1
vegetation biomass,IPBES_GA_2.2_37_70_155,1
"visitation rates to natural terrestrial, coastal, and marine areas",IPBES_GA_2.3_42_143_344,1
visitation to national parks,IPBES_GA_2.3_32_132_260,1
visitation to natural areas,IPBES_GA_2.3_50_149_351,1
visitation to urban green spaces,IPBES_GA_2.3_32_132_261,1
water availability,IPBES_GA_2.3_42_143_284,1
water available for people relative to demand,IPBES_GA_2.3_42_143_285,1
water footprint,IPBES_GA_1_52_19_7;IPBES_GA_3_26_355_435,1
water quality,IPBES_GA_3_123_420_496,1
water quality index (watqi),IPBES_GA_2_110_45_116,1
water quality risk index,IPBES_GA_6_93_281_399,1
weather patterns,IPBES_SUA_2_95_77_22,1
weighted endemisms,IPBES_GA_2.2_21_61_149,1
wetland extent trends index,IPBES_GA_1_52_19_47;IPBES_GA_1_52_19_74;IPBES_GA_2.2_37_70_172;IPBES_GA_2.2_39_75_210;IPBES_GA_3_15_329_419,1
wild bird index,IPBES_GA_2.2_37_70_203,1
wild bird index (farmland birds),IPBES_GA_3_15_329_429;IPBES_GA_3_31_358_440,1
wild bird index (habitat specialists),IPBES_GA_3_15_329_422;IPBES_GA_3_51_381_458,1
wild mammal biomass,IPBES_GA_2.2_37_70_200,1
wildlife picture index,IPBES_GA_1_52_19_68,1
willingness to allocate time for nature´s contributions to people conservation,IPBES_VA_2_37_25_12;IPBES_VA_2_63_45_34,1
willingness to give up access to land or other resources to protect nature,IPBES_VA_3_76_86_57,1
willingness to pay to protect nature or improve ecosystem services,IPBES_VA_2_18_19_10;IPBES_VA_2_63_45_35;IPBES_VA_3_76_86_58,1
world happiness index,IPBES_GA_2_25_34_103,1
world trade organisation greenbox agricultural subsidies,IPBES_GA_3_15_329_412,1
